マキタ,MLM160,A-48957,ロータリーブレード,芝刈,なし
マキタ,MLM160,A-48941,固定刃160,なし
マキタ,MUH230,A-46062,特殊コーティング刃,230,なし
マキタ,MUH2300,A-57934,特殊コーティング刃,230,なし
マキタ,MUH2301,A-57934,特殊コーティング刃,230,なし
マキタ,MUH231,A-46062,特殊コーティング刃,230,なし
マキタ,MUH260,A-51138,特殊コーティング刃,260,なし
マキタ,MUH2600,A-68404,特殊コーティング刃,260,なし
マキタ,MUH2601,A-57912,特殊コーティング刃,260,なし
マキタ,MUH260D,A-51138,特殊コーティング刃,260,なし
マキタ,MUH261D,A-51138,特殊コーティング刃,260,なし
マキタ,MUH262D,A-51138,特殊コーティング刃,260,なし
マキタ,MUH263D,A-51138,特殊コーティング刃,260,なし
マキタ,MUH264D,A-63753,特殊コーティング刃,260,なし
マキタ,MUH2650,A-68395,高級刃,260,なし
マキタ,MUH2651,A-57928,高級刃,260,なし
マキタ,MUH265D,A-63753,特殊コーティング刃,260,なし
マキタ,MUH266D,A-63747,高級刃,260,なし
マキタ,MUH267D,A-63747,高級刃,260,なし
マキタ,MUH3001,A-49909,特殊コーティング刃,300,なし
マキタ,MUH3002,A-49909,特殊コーティング刃,300,なし
マキタ,MUH300D,A-49909,特殊コーティング刃,300,なし
マキタ,MUH301,A-33766,特殊コーティング刃,300,なし
マキタ,MUH301D,A-49909,特殊コーティング刃,300,なし
マキタ,MUH302,A-33766,特殊コーティング刃,300,なし
マキタ,MUH303,A-42232,特殊コーティング刃,300,なし
マキタ,MUH304,A-49921,高級刃,300,なし
マキタ,MUH304D,A-49921,高級刃,300,なし
マキタ,MUH305,A-49909,特殊コーティング刃,300,なし
マキタ,MUH3051,A-49921,高級刃,300,なし
マキタ,MUH3052,A-75770,新・高級刃,300,あり
マキタ,MUH305D,A-49921,高級刃,300,なし
マキタ,MUH306,A-49921,高級刃,300,なし
マキタ,MUN300LD,A-72394,特殊コーティング刃,300,なし
マキタ,MUN301LD,A-72394,特殊コーティング刃,300,なし
マキタ,MUH3501,A-49915,特殊コーティング刃,350,あり
マキタ,MUH3502,A-49915,特殊コーティング刃,350,あり
マキタ,MUH350D,A-49915,特殊コーティング刃,350,あり
マキタ,MUH351,A-42248,特殊コーティング刃,350,あり
マキタ,MUH351D,A-49915,特殊コーティング刃,350,あり
マキタ,MUH352,A-42248,特殊コーティング刃,350,あり
マキタ,MUH352D,A-49915,特殊コーティング刃,350,あり
マキタ,MUH353,A-42248,特殊コーティング刃,350,あり
マキタ,MUH353D,A-49915,特殊コーティング刃,350,あり
マキタ,MUH353DSH,A-49915,特殊コーティング刃,350,あり
マキタ,MUH354DWH,A-72528,特殊コーティング刃,350,なし
マキタ,MUH355,A-49915,特殊コーティング刃,350,あり
マキタ,MUH362,A-49937,高級刃,360,なし
マキタ,MUH364,A-49937,高級刃,360,なし
マキタ,MUH364D,A-49937,高級刃,360,なし
マキタ,MUH3651,A-49937,高級刃,360,なし
マキタ,MUH3652,A-62119,新・高級刃,360,廃番
マキタ,MUH3652,A-75786,New 新・高級刃,あり
マキタ,MUH3653,A-62119,新・高級刃,360,廃番
マキタ,MUH3653,A-75786,New 新・高級刃,あり
マキタ,MUH365D,A-49937,高級刃,360,なし
マキタ,MUH366,A-49937,高級刃,360,なし
マキタ,MUH367D,A-62119,新・高級刃,360,廃番
マキタ,MUH367D,A-75786,New 新・高級刃,あり
マキタ,MUH4001,A-47933,特殊コーティング刃,400,あり
マキタ,MUH4002,A-47933,特殊コーティング刃,400,あり
マキタ,MUH401,A-47933,特殊コーティング刃,400,あり
マキタ,MUH401D,A-47955,高級刃,400,あり
マキタ,MUH403,A-47955,高級刃,400,あり
マキタ,MUH404,A-47955,高級刃,400,あり
マキタ,MUH404D,A-47955,高級刃,400,あり
マキタ,MUH404DRF,A-47955,高級刃,400,あり
マキタ,MUH405,A-47955,高級刃,400,あり
マキタ,MUH4051,A-68432,新・高級刃,400,なし
マキタ,MUH4051,A-75792,New 新・高級刃,あり
マキタ,MUH4052,A-68432,新・高級刃,400,なし
マキタ,MUH4052,A-75792,New 新・高級刃,あり
マキタ,MUH4053,A-75792,新・高級刃,400,あり
マキタ,MUH406,A-47955,高級刃,400,あり
マキタ,MUH407DSF,A-68432,新・高級刃,400,なし
マキタ,MUH407DSF,A-75792,New 新・高級刃,あり
マキタ,MUH450,A-49840,特殊コーティング刃,450,なし
マキタ,MUH4601,A-47949,特殊コーティング刃,460,なし
マキタ,MUH4602,A-47949,特殊コーティング刃,460,なし
マキタ,MUH461,A-47949,特殊コーティング刃,460,なし
マキタ,MUH461D,A-47961,高級刃,460,なし
マキタ,MUH462,A-44959,高級刃,460,なし
マキタ,MUH463,A-47961,高級刃,460,なし
マキタ,MUH464,A-47961,高級刃,460,なし
マキタ,MUH464D,A-47961,高級刃,460,なし
マキタ,MUH465,A-47961,高級刃,460,なし
マキタ,MUH4651,A-68448,新・高級刃,460,なし
マキタ,MUH4652,A-68448,新・高級刃,460,なし
マキタ,MUH466,A-47961,高級刃,460,なし
マキタ,MUH500D,A-67337,特殊コーティング刃,500,なし
マキタ,MUN500WD,A-70786,特殊コーティング刃,500,なし
マキタ,MUN501WD,A-70786,特殊コーティング刃,500,なし
マキタ,MUH600D,A-67343,特殊コーティング刃,600,なし
マキタ,MUH650,A-49856,特殊コーティング刃,650,なし
マキタ,MUM1101,A-68410,110㍉,芝刈,なし
マキタ,MUM163,A-46090,160㍉,芝刈,なし
マキタ,MUM1601,A-68426,160㍉,芝刈,あり
マキタ,MUM600DSH,A-51100,160㍉,芝刈,あり
マキタ,MUM601D,A-51100,160㍉,芝刈,あり
マキタ,MUM602D,A-51100,160㍉,芝刈,あり
マキタ,MUM604D,A-51100,160㍉,芝刈,あり
マキタ,UH4500,A-43072,通常刃,450,なし
マキタ,UH4830,D221233220,上刃,480,なし
マキタ,UH4830,D221233320,下刃,480,なし
マキタ,UH6300,A-43094,通常刃,630,なし

京セラ,BHL-1800L1,6730947,高級刃,300,なし
京セラ,HT-2100,6730561,スタンダード刃,210,あり
京セラ,HT-2110,6730561,スタンダード刃,210,あり
京セラ,PHT-2100,6730731,スタンダード刃,210,あり
京セラ,BHT-1100L1,67300027,スタンダード刃,260,あり
京セラ,BHT-2600,67300027,スタンダード刃,260,あり
京セラ,BPHT-1800L1,67300027,スタンダード刃,260,あり
京セラ,HT-2610,67300027,スタンダード刃,260,あり
京セラ,BHT-1803L1,6731077,スタンダード刃,300,あり
京セラ,BHT-3000,6731077,スタンダード刃,300,あり
京セラ,HT-3012A,6731077,スタンダード刃,300,あり
京セラ,HT-3013A,6731077,スタンダード刃,300,あり
京セラ,HT-3021,6731077,スタンダード刃,300,あり
京セラ,HT-3022,6731077,スタンダード刃,300,あり
京セラ,HT-3023,6731077,スタンダード刃,300,あり
京セラ,HT-3032,6731077,スタンダード刃,300,あり
京セラ,HT-3033,6731237,高級刃/高剛性(軽量),300,なし
京セラ,HT-3043,67300087,超高級刃,300,なし
京セラ,HTL-3000,6731237,高級刃/高剛性(軽量),300,なし
京セラ,HT-3510,6731087,スタンダード刃,350,あり
京セラ,HT-3511,6731087,スタンダード刃,350,あり
京セラ,HT-3512A,6731087,スタンダード刃,350,あり
京セラ,HT-3513A,6731087,スタンダード刃,350,あり
京セラ,HT-3521,6731087,スタンダード刃,350,あり
京セラ,HT-3522,6731087,スタンダード刃,350,あり
京セラ,HT-3523,6731087,スタンダード刃,350,あり
京セラ,BHT-1800,6730987,高級刃,360,あり
京セラ,BHT-3630,6730987,高級刃,360,あり
京セラ,HT-3631,67300067,高級刃/高剛性(軽量),360,あり
京セラ,HT-3632,6730957,高級刃/高剛性,360,なし(廃番)
京セラ,HT-3632,67300067,高級刃/高剛性(軽量),あり
京セラ,HT-3633,67300067,高級刃/高剛性(軽量),360,あり
京セラ,HT-3831H,6731007,特殊刃/強力刃,380,なし
京セラ,HT-3833H,6731007,特殊刃/強力刃,380,なし
京セラ,HT-3840,6731127,超高級刃,380,なし
京セラ,HT-3843,6731127,超高級刃,380,なし
京セラ,HT-4032,6730967,高級刃/高剛性,400,なし
京セラ,HT-4033,67300077,高級刃/高剛性(軽量),400,なし
京セラ,HT-4200,6730631,超高級刃,420,なし
京セラ,HT-4200C,6731067,特殊刃/曲面刃,420,なし
京セラ,HT-4200H,6731057,特殊刃/強力刃,420,なし
京セラ,HT-4240,6731137,超高級刃,420,なし
京セラ,HT-4243,6731137,超高級刃,420,なし
京セラ,HT-5000,6730641,超強力刃,500,廃番
京セラ,HT-5040,6731147,超高級刃,500,なし
京セラ,HT-5043,6731147,超高級刃,500,なし
京セラ,AB-1110,6730897,110㍉,芝刈,あり
京セラ,AB-1120,6730897,110㍉,芝刈,あり
京セラ,ABR-1300,6730867,回転刃,芝刈,なし
京セラ,ABR-1300,6730877,固定刃,なし
京セラ,AB-1600,6730907,160㍉,芝刈,あり
京セラ,AB-1620,6730907,160㍉,芝刈,あり
京セラ,BB-1100L1,6730907,160㍉,芝刈,あり
京セラ,AB01,6730907,160㍉,芝刈,あり
京セラ,BPB-1800,6730907,160㍉,芝刈,あり
京セラ,BB-1800,6730907,160㍉,芝刈,あり
京セラ,PAB-1620,6730907,160㍉,芝刈,あり
京セラ,AB-1610,6730907,160㍉,芝刈,あり
京セラ,BB-1600,6730907,160㍉,芝刈,あり
京セラ,PAB-1610,6730907,160㍉,芝刈,あり
